Telefone,Website
(19) 3743-4600,http://www.enxuto.com/
(19) 3754-6300,https://superdalben.com.br/
(19) 3772-4999,https://www.tendaatacado.com.br/
(19) 3267-6288,https://www.facebook.com/vitoriamaxsupermercados
(19) 3729-6070,https://www.superpaguemenos.com.br/
(19) 3232-3679,https://www.facebook.com/MercadoCampinas/
(19) 3794-9444,
(19) 3212-1739,https://m.facebook.com/galassisupermercados/
(19) 3242-9976,http://www.vilamaissupermercado.com.br/
(19) 3231-9260,https://www.galassi.com.br/
(19) 3203-4236,https://www.instagram.com/supermercado5estrelas/
,http://www.superpaguemenos.com.br/
(19) 97402-9601,
(19) 98931-7248,
(19) 3266-8002,
(19) 3243-2782,
,
(19) 99204-7923,
,
,
